{
  "directed": false,
  "multigraph": false,
  "graph": {},
  "nodes": [
    {
      "world_x": 2.636541319662369,
      "world_y": -0.10771479929913191,
      "world_z": 0.8000448685101101,
      "confidence": 0.9559884667396545,
      "cluster": -1,
      "id": "black SUV_0"
    }
  ],
  "edges": []
}